{"cameraMode":{"drawMode":0,"name":"Shaded","section":"Shading Mode"},"sceneLighting":true,"audioPlay":false,"sceneViewState":{"showFog":true,"showMaterialUpdate":true,"showSkybox":true,"showFlares":true,"showImageEffects":true,"showParticleSystems":true},"in2DMode":false,"pivot":{"x":-65.5228500366211,"y":53.520965576171878,"z":-217.04261779785157},"rotation":{"x":0.005032368935644627,"y":-0.9744150042533875,"z":0.021928098052740098,"w":0.22362752258777619},"size":968.4075317382813,"orthographic":false}